<?xml version="1.0" encoding="UTF-8"?>
<project-private xmlns="http://www.netbeans.org/ns/project-private/1">
    <editor-bookmarks xmlns="http://www.netbeans.org/ns/editor-bookmarks/2" lastBookmarkId="1">
        <file>
            <url>src/com/vehicleinventory/UserModule/UserLoginPanel.java</url>
            <bookmark id="1">
                <name/>
                <line>0</line>
                <key/>
            </bookmark>
        </file>
    </editor-bookmarks>
    <open-files xmlns="http://www.netbeans.org/ns/projectui-open-files/2">
        <group>
            <file>file:/D:/New%20folder/Proj3/src/com/vehicleinventory/UserModule/LoginSuccessListener.java</file>
            <file>file:/D:/New%20folder/Proj3/src/com/vehicleinventory/UserModule/ViewVehicles.java</file>
            <file>file:/D:/New%20folder/Proj3/src/com/vehicleinventory/AdminModule/AddVehicle.java</file>
            <file>file:/D:/New%20folder/Proj3/src/com/vehicleinventory/Database/VehicleDAO.java</file>
            <file>file:/D:/New%20folder/Proj3/src/com/vehicleinventory/Database/UserDAO.java</file>
            <file>file:/D:/New%20folder/Proj3/src/com/vehicleinventory/Database/AdminDAO.java</file>
            <file>file:/D:/New%20folder/Proj3/src/com/vehicleinventory/Models/BuyRequest.java</file>
            <file>file:/D:/New%20folder/Proj3/src/com/vehicleinventory/UserModule/SellVehiclePanel.java</file>
            <file>file:/D:/New%20folder/Proj3/src/com/vehicleinventory/Main.java</file>
            <file>file:/D:/New%20folder/Proj3/src/com/vehicleinventory/UserModule/UserSignUpPanel.java</file>
            <file>file:/D:/New%20folder/Proj3/src/com/vehicleinventory/Models/User.java</file>
            <file>file:/D:/New%20folder/Proj3/src/com/vehicleinventory/Database/DatabaseConnection.java</file>
            <file>file:/D:/New%20folder/Proj3/src/com/vehicleinventory/Models/Vehicle.java</file>
            <file>file:/D:/New%20folder/Proj3/src/com/vehicleinventory/AdminModule/ApproveBuyPanel.java</file>
            <file>file:/D:/New%20folder/Proj3/src/com/vehicleinventory/AdminModule/UpdateVehicle.java</file>
            <file>file:/D:/New%20folder/Proj3/src/com/vehicleinventory/Models/Notification.java</file>
            <file>file:/D:/New%20folder/Proj3/src/com/vehicleinventory/Models/SaleRequest.java</file>
            <file>file:/D:/New%20folder/Proj3/src/com/vehicleinventory/AdminModule/ApproveRentals.java</file>
            <file>file:/D:/New%20folder/Proj3/src/com/vehicleinventory/UserModule/UserDashboard.java</file>
            <file>file:/D:/New%20folder/Proj3/src/com/vehicleinventory/AdminModule/ApproveSales.java</file>
            <file>file:/D:/New%20folder/Proj3/src/com/vehicleinventory/Models/Admin.java</file>
            <file>file:/D:/New%20folder/Proj3/src/com/vehicleinventory/AdminModule/AdminDashboard.java</file>
            <file>file:/D:/New%20folder/Proj3/src/com/vehicleinventory/UserModule/BuyVehicle.java</file>
            <file>file:/D:/New%20folder/Proj3/src/com/vehicleinventory/Database/BuyRequestDAO.java</file>
            <file>file:/D:/New%20folder/Proj3/src/com/vehicleinventory/Models/UserSession.java</file>
            <file>file:/D:/New%20folder/Proj3/src/com/vehicleinventory/UserModule/NotificationsPanel.java</file>
            <file>file:/D:/New%20folder/Proj3/src/com/vehicleinventory/UserModule/ViewProfilePagePanel.java</file>
            <file>file:/D:/New%20folder/Proj3/src/com/vehicleinventory/ApplicationContext.java</file>
        </group>
    </open-files>
</project-private>
